"30001","426","1","5","10"
"30002","427","1","5","10"
"30003","428","1","5","10"
"30004","429","1","5","10"
"30005","430","1","5","10"
"30006","431","1","5","10"
"30007","432","1","5","10"
"30008","433","1","5","10"
"30009","434","1","5","10"
"30010","460","1","5","10"
"30011","520","1","5","10"
"30012","499","1","5","10"
"30013","512","1","5","10"
"30014","509","1","5","10"
"30015","510","1","5","10"
"30016","503","1","5","10"
"30017","505","1","5","10"
"30018","506","1","5","10"
"30019","507","1","5","10"
"30020","508","1","5","10"
"30021","513","1","5","5"
"30022","517","1","5","10"
"30023","519","1","5","10"
"30024","521","1","5","10"
"30025","493","1","5","10"
"30027","533","1","5","10"
"30028","494","1","5","10"
"30029","535","1","5","10"
"30030","547","1","5","10"
"30031","548","1","5","10"
"30033","73","1","5","10"
"30034","549","1","5","10"
"30035","551","1","5","10"
"30036","557","1","5","5"
"30037","558","1","5","10"
"30038","560","1","5","5"
"30039","8","1","5","10"
"30040","566","1","5","10"
"30041","357","1","5","10"
"30042","142","1","5","10"
"30044","569","1","5","10"
"30045","705","1","5","10"
"30046","571","1","5","10"
"30047","574","1","5","10"
"30048","575","1","5","10"
"30049","576","1","5","10"
"30050","577","1","5","10"
"30051","578","1","5","10"
"30052","579","1","5","10"
"30053","580","1","5","10"
"30054","581","1","5","10"
"30055","582","1","5","10"
"30056","583","1","5","10"
"30057","584","1","5","5"
"30060","763","1","5","10"
"30061","637","1","5","10"
"30062","638","1","5","10"
"30063","349","1","5","10"
"30064","650","1","5","10"
"30065","440","1","5","10"
"30066","445","1","5","10"
"30067","673","1","5","5"
"30068","676","1","5","10"
"30069","677","1","5","5"
"30070","572","1","5","10"
"30071","781","1","5","10"
"30072","685","1","5","10"
"30073","785","1","5","10"
"30075","783","1","5","10"
"30076","689","1","5","10"
"30078","444","1","5","10"
"30083","703","1","5","10"
"30084","704","1","5","10"
"30085","448","1","5","10"
"30087","447","1","5","10"
"30088","706","1","5","10"
"30089","715","1","5","10"
"30090","732","1","5","10"
"30091","358","1","5","10"
"30092","359","1","5","10"
"30093","143","1","5","10"
"30094","112","1","5","10"
"30095","679","1","5","10"
"30096","680","1","5","10"
"30097","681","1","5","10"
"30098","614","1","5","5"
"30099","743","1","5","10"
"30100","744","1","5","10"
"30101","749","1","5","5"
"30102","764","1","5","10"
"30103","778","1","5","10"
"30104","779","1","5","10"
"30105","780","1","5","10"
"30106","683","1","5","10"
"30107","782","1","5","10"
"30108","726","1","5","5"
"30109","786","1","5","5"
"30110","748","1","5","10"
"30113","804","1","5","10"
"30114","805","1","5","10"
"30115","813","1","5","10"
"30116","814","1","5","10"
"30117","237","1","5","10"
"30118","50","1","5","10"
"30119","737","1","5","10"
"30120","739","1","5","10"
"30121","740","1","5","10"
"30122","738","1","5","10"
"30123","864","1","5","5"
"30124","16","1","5","10"
"30125","193","1","5","10"
"30126","865","1","5","10"
"30127","866","1","5","10"
"30128","867","1","5","10"
"30129","868","1","5","10"
"30130","883","1","5","10"
"30131","884","1","5","10"
"30132","885","1","5","10"
"30133","886","1","5","10"
"30134","887","1","5","10"
"30135","888","1","5","10"
"30136","890","1","5","10"
"30137","889","1","5","10"
"30138","891","1","5","10"
"30139","892","1","5","10"
"30140","893","1","5","10"
"30141","894","1","5","10"
"30142","897","1","5","5"
"30143","925","1","5","10"
"30144","926","1","5","10"
"30145","927","1","5","10"
"30146","928","1","5","10"
"30147","929","1","5","10"
"30148","930","1","5","10"
"30149","931","1","5","10"
"30150","932","1","5","10"
"30151","933","1","5","10"
"30152","934","1","5","10"
"30153","935","1","5","10"
"30154","936","1","5","10"
"30155","937","1","5","10"
"30156","736","1","5","10"
"30157","920","1","5","10"
"30158","921","1","5","5"
"30159","907","1","5","10"
"30160","908","1","5","10"
"30161","909","1","5","10"
"30162","910","1","5","10"
"30163","911","1","5","10"
"30164","912","1","5","10"
"30165","914","1","5","10"
"30166","913","1","5","10"
"30167","915","1","5","10"
"30168","916","1","5","10"
"30169","917","1","5","10"
"30170","918","1","5","10"
"30171","941","1","5","10"
"30172","922","1","5","10"
"30173","923","1","5","10"
"30174","988","1","5","10"
"30175","989","1","5","10"
"30176","903","1","5","5"
"30177","939","1","5","10"
"30178","940","1","5","10"
"30179","1005","1","5","10"
"30180","1007","1","5","10"
"30181","1006","1","5","10"
"30182","1033","1","5","10"
"30183","965","1","5","10"
"30186","990","1","5","5"
"30187","901","1","5","10"
"30188","902","1","5","10"
"30189","942","1","5","5"
"30190","1052","1","5","5"
"30191","1026","1","5","10"
"30192","1023","1","5","10"
"30193","442","1","5","10"
"30194","1071","1","5","10"
"30195","1072","1","5","10"
"30196","1073","1","5","10"
"30197","1074","1","5","10"
"30198","1075","1","5","10"
"30199","1076","1","5","10"
"30200","1077","1","5","10"
"30201","1078","1","5","10"
"30202","1079","1","5","10"
"30203","1080","1","5","10"
"30204","1081","1","5","10"
"30205","1082","1","5","10"
"30206","1083","1","5","10"
"30207","1084","1","5","10"
"30208","1053","1","5","10"
"30209","1104","1","5","10"
"30210","1105","1","5","10"
"30211","1106","1","5","10"
"30212","1107","1","5","10"
"30213","1108","1","5","10"
"30214","1109","1","5","10"
"30215","1110","1","5","10"
"30216","1111","1","5","10"
"30217","1112","1","5","10"
"30218","1113","1","5","10"
"30219","1114","1","5","10"
"30220","1115","1","5","10"
"30221","1116","1","5","10"
"30222","1117","1","5","10"
"30223","1118","1","5","10"
"30224","1119","1","5","10"
"30225","1037","1","5","5"
"30226","943","1","5","5"
"30227","1049","1","5","10"
"30228","1175","1","5","10"
"30229","1158","1","5","10"
"30230","1159","1","5","10"
"30231","1160","1","5","10"
"30232","1161","1","5","10"
"30233","1162","1","5","10"
"30234","1163","1","5","10"
"30235","1164","1","5","10"
"30236","1165","1","5","10"
"30237","1166","1","5","10"
"30238","1167","1","5","10"
"30239","1168","1","5","10"
"30240","1169","1","5","10"
"30241","1170","1","5","10"
"30242","1171","1","5","10"
"30243","1174","1","5","10"
"30244","1173","1","5","10"
"30245","1054","1","5","10"
"30246","1035","1","5","10"
"30247","1051","1","5","10"
"30248","944","1","5","5"
"30249","1205","1","5","10"
"30250","904","1","5","10"
"30251","905","1","5","10"
"30252","1176","1","5","10"
"30253","301","1","5","10"
"30254","270","1","5","10"
"30255","1043","1","5","10"
"30256","1210","1","5","10"
"30257","1206","1","5","5"
"30258","1070","1","5","5"
"30259","1228","1","5","10"
"30260","1229","1","5","10"
"30261","966","1","5","10"
"30262","967","1","5","10"
"30263","1207","1","5","5"
"30264","1301","1","5","10"
"30265","1302","1","5","5"
"30266","1303","1","5","10"
"30267","1299","1","5","10"
"30268","343","1","5","10"
"30269","1208","1","5","5"
"30270","1209","1","5","5"
"30272","1321","1","5","10"
"30273","1322","1","5","10"
"30274","1333","1","5","10"
"30275","1332","1","5","10"
"30276","1334","1","5","10"
"30277","1335","1","5","10"
"30278","1336","1","5","10"
"30279","1337","1","5","10"
"30280","1338","1","5","10"
"30281","1339","1","5","10"
"30282","1340","1","5","10"
"30283","1341","1","5","10"
"30284","1342","1","5","10"
"30285","1343","1","5","10"
"30286","1344","1","5","10"
"30287","1345","1","5","10"
"30288","1346","1","5","10"
"30289","1347","1","5","10"
"30290","1348","1","5","10"
"30291","1349","1","5","10"
"30292","1326","1","5","10"
"30293","1327","1","5","10"
"30294","1328","1","5","10"
"30295","1350","1","5","10"
"30296","1351","1","5","10"
"30297","1352","1","5","10"
"30298","1353","1","5","10"
"30299","1354","1","5","10"
"30300","1355","1","5","10"
"30301","1356","1","5","10"
"30302","1357","1","5","10"
"30303","1358","1","5","10"
"30304","1359","1","5","10"
"30305","1360","1","5","10"
"30306","1361","1","5","10"
"30307","1362","1","5","10"
"30308","1363","1","5","10"
"30309","1364","1","5","10"
"30477","1394","1","5","10"
"30478","1404","1","5","10"
"30479","1395","1","5","10"
"30480","1396","1","5","10"
"30481","1329","1","5","10"
"30482","1330","1","5","10"
"30483","1415","1","5","10"
"30484","1414","1","5","10"
"30485","1185","1","5","5"
"30486","1264","1","5","10"
"30487","1265","1","5","10"
"30488","1266","1","5","10"
"30489","1267","1","5","10"
"30490","1268","1","5","10"
"30491","1269","1","5","10"
"30492","1270","1","5","10"
"30493","1271","1","5","10"
"30494","1272","1","5","10"
"30495","1273","1","5","10"
"30496","1274","1","5","10"
"30497","1275","1","5","10"
"30498","1276","1","5","10"
"30499","1277","1","5","10"
"30500","1278","1","5","10"
"30501","1383","1","5","10"
"30502","1384","1","5","10"
"30503","1385","1","5","10"
"30504","1386","1","5","10"
"30505","1387","1","5","10"
"30506","1388","1","5","10"
"30507","1389","1","5","10"
"30508","1390","1","5","10"
"30509","1391","1","5","10"
"30343",,"1","5","10"
"30344",,"1","5","15"
"30345",,"1","5","20"
"30347",,"1","5","10"
"30348",,"1","5","15"
"30349",,"1","5","20"
"30351",,"1","5","10"
"30352",,"1","5","15"
"30353",,"1","5","20"
"30355",,"1","5","10"
"30356",,"1","5","15"
"30357",,"1","5","20"
"30359",,"1","5","10"
"30360",,"1","5","15"
"30361",,"1","5","20"
"30363",,"1","5","10"
"30364",,"1","5","15"
"30365",,"1","5","20"
"30367",,"1","5","10"
"30368",,"1","5","15"
"30369",,"1","5","20"
"30371",,"1","5","10"
"30372",,"1","5","15"
"30373",,"1","5","20"
"30375",,"1","5","10"
"30376",,"1","5","15"
"30377",,"1","5","20"
"30379",,"1","5","10"
"30380",,"1","5","15"
"30381",,"1","5","20"
"30383",,"1","5","10"
"30384",,"1","5","15"
"30385",,"1","5","20"
"30387",,"1","5","10"
"30388",,"1","5","15"
"30389",,"1","5","20"
"30391",,"1","5","10"
"30392",,"1","5","15"
"30393",,"1","5","20"
"30395",,"1","5","10"
"30396",,"1","5","15"
"30397",,"1","5","20"
"30399",,"1","5","10"
"30400",,"1","5","15"
"30401",,"1","5","20"
"30403",,"1","5","10"
"30404",,"1","5","15"
"30405",,"1","5","20"
"30407",,"1","5","10"
"30408",,"1","5","10"
"30409",,"1","5","10"
"30410",,"1","5","10"
"30411",,"1","5","10"
"30412",,"1","5","10"
"30413",,"1","5","10"
"30414",,"1","5","10"
"30415",,"1","5","15"
"30416",,"1","5","15"
"30417",,"1","5","15"
"30418",,"1","5","15"
"30419",,"1","5","15"
"30420",,"1","5","15"
"30421",,"1","5","15"
"30422",,"1","5","15"
"30423",,"1","5","15"
"30424",,"1","5","15"
"30425",,"1","5","15"
"30426",,"1","5","15"
"30427",,"1","5","15"
"30428",,"1","5","15"
"30429",,"1","5","15"
"30430",,"1","5","15"
"30431",,"1","5","15"
"30432",,"1","5","15"
"30433",,"1","5","15"
"30434",,"1","5","15"
"30435",,"1","5","15"
"30436",,"1","5","15"
"30437",,"1","5","15"
"30438",,"1","5","15"
"30439",,"1","5","15"
"30440",,"1","5","15"
"30441",,"1","5","15"
"30442",,"1","5","15"
"30443",,"1","5","15"
"30444",,"1","5","15"
"30446",,"1","5","20"
"30447",,"1","5","20"
"30448",,"1","5","20"
"30449",,"1","5","20"
"30450",,"1","5","20"
"30451",,"1","5","20"
"30452",,"1","5","20"
"30453",,"1","5","20"
"30454",,"1","5","20"
"30455",,"1","5","20"
"30456",,"1","5","20"
"30457",,"1","5","20"
"30458",,"1","5","20"
"30459",,"1","5","20"
"30460",,"1","5","20"
"30461",,"1","5","20"
"30462",,"1","5","20"
"30463",,"1","5","20"
"30464",,"1","5","20"
"30465",,"1","5","20"
"30466",,"1","5","20"
"30467",,"1","5","20"
"30468",,"1","5","20"
"30469",,"1","5","20"
"30470",,"1","5","20"
"30471",,"1","5","20"
"30472",,"1","5","20"
"30473",,"1","5","20"
"30474",,"1","5","20"
"30475",,"1","5","20"
"30476",,"1","5","20"
"30574",,"1","5","10"
"30575",,"1","5","15"
"30576",,"1","5","20"
"30577",,"1","5","10"
"30578",,"1","5","15"
"30579",,"1","5","20"
"30580",,"1","5","10"
"30581",,"1","5","15"
"30582",,"1","5","20"
"30583",,"1","5","10"
"30584",,"1","5","15"
"30585",,"1","5","20"
"30586",,"1","5","10"
"30587",,"1","5","15"
"30588",,"1","5","20"
"30589",,"1","5","10"
"30590",,"1","5","15"
"30591",,"1","5","20"
"30592",,"1","5","10"
"30593",,"1","5","15"
"30594",,"1","5","20"
"30595",,"1","5","10"
"30596",,"1","5","15"
"30597",,"1","5","20"
"30598",,"1","5","10"
"30599",,"1","5","15"
"30600",,"1","5","20"
"30601",,"1","5","10"
"30602",,"1","5","15"
"30603",,"1","5","20"
"30604",,"1","5","10"
"30605",,"1","5","15"
"30606",,"1","5","20"
"30607",,"1","5","10"
"30608",,"1","5","15"
"30609",,"1","5","20"
"30610",,"1","5","10"
"30611",,"1","5","15"
"30612",,"1","5","20"
"30613",,"1","5","10"
"30614",,"1","5","15"
"30615",,"1","5","20"
"30616",,"1","5","10"
"30617",,"1","5","15"
"30618",,"1","5","20"
"30619",,"1","5","10"
"30620",,"1","5","15"
"30621",,"1","5","20"
"30622",,"1","5","10"
"30623",,"1","5","15"
"30624",,"1","5","20"
"30625",,"1","5","10"
"30626",,"1","5","15"
"30627",,"1","5","20"
"30628",,"1","5","10"
"30629",,"1","5","15"
"30630",,"1","5","20"
"30631",,"1","5","10"
"30632",,"1","5","15"
"30633",,"1","5","20"
"30634",,"1","5","10"
"30635",,"1","5","15"
"30636",,"1","5","20"
"30637",,"1","5","10"
"30638",,"1","5","15"
"30639",,"1","5","20"
"30640",,"1","5","10"
"30641",,"1","5","15"
"30642",,"1","5","20"
"30643",,"1","5","10"
"30644",,"1","5","15"
"30645",,"1","5","20"
"30646",,"1","5","10"
"30647",,"1","5","15"
"30648",,"1","5","20"
"30649",,"1","5","10"
"30650",,"1","5","15"
"30651",,"1","5","20"
"30652",,"1","5","10"
"30653",,"1","5","15"
"30654",,"1","5","20"
"30655",,"1","5","10"
"30656",,"1","5","15"
"30657",,"1","5","20"
"30658",,"1","5","10"
"30659",,"1","5","15"
"30660",,"1","5","20"
"30661",,"1","5","10"
"30662",,"1","5","15"
"30663",,"1","5","20"
"30664",,"1","5","10"
"30665",,"1","5","15"
"30666",,"1","5","20"
"30667",,"1","5","10"
"30668",,"1","5","15"
"30669",,"1","5","20"
"30670",,"1","5","10"
"30671",,"1","5","15"
"30672",,"1","5","20"
"30673",,"1","5","10"
"30674",,"1","5","15"
"30675",,"1","5","20"
"30676",,"1","5","10"
"30677",,"1","5","15"
"30678",,"1","5","20"
"30679",,"1","5","10"
"30680",,"1","5","15"
"30681",,"1","5","20"
"30682",,"1","5","10"
"30683",,"1","5","15"
"30684",,"1","5","20"
"30685",,"1","5","10"
"30686",,"1","5","15"
"30687",,"1","5","20"
"30688",,"1","5","10"
"30689",,"1","5","15"
"30690",,"1","5","20"
"30691",,"1","5","10"
"30692",,"1","5","15"
"30693",,"1","5","20"
"30694",,"1","5","10"
"30695",,"1","5","15"
"30696",,"1","5","20"
"30697",,"1","5","10"
"30698",,"1","5","15"
"30699",,"1","5","20"
"30700",,"1","5","10"
"30701",,"1","5","15"
"30702",,"1","5","20"
"30703",,"1","5","10"
"30704",,"1","5","15"
"30705",,"1","5","20"
"30706",,"1","5","10"
"30707",,"1","5","15"
"30708",,"1","5","20"
"30709",,"1","5","10"
"30710",,"1","5","15"
"30711",,"1","5","20"
"30712",,"1","5","10"
"30713",,"1","5","15"
"30714",,"1","5","20"
"30715",,"1","5","10"
"30716",,"1","5","15"
"30717",,"1","5","20"
"30718","1443","1","5","5"
"30719","1441","1","5","10"
"30720","1442","1","5","10"
"30721",,"1","5","10"
"30722",,"1","5","15"
"30723",,"1","5","20"
"30724",,"1","5","10"
"30725",,"1","5","15"
"30726",,"1","5","20"
"30727",,"1","5","10"
"30728",,"1","5","15"
"30729",,"1","5","20"
"30730",,"1","5","10"
"30731",,"1","5","15"
"30732",,"1","5","20"
"30733","159","1","5","10"
"30734","87","1","5","10"
"30741","1237","1","5","5"
"30742","1470","1","5","10"
"30743","1471","1","5","10"
"30744","1472","1","5","10"
"30745","1473","1","5","10"
"30746","1475","1","5","5"
"30747","1446","1","5","10"
"30748","1447","1","5","10"
"30749","1448","1","5","10"
"30750","1449","1","5","10"
"30751","1450","1","5","10"
"30752","1451","1","5","10"
"30753","1452","1","5","10"
"30754","1453","1","5","10"
"30755","1454","1","5","10"
"30756","1455","1","5","10"
"30757","1456","1","5","10"
"30758","1457","1","5","10"
"30759","1458","1","5","10"
"30760","1459","1","5","10"
"30761","1460","1","5","10"
"30762","1461","1","5","10"
"30763","1501","1","5","10"
"30764","1502","1","5","10"
"30765","1505","1","5","10"
"30766","1402","1","5","5"
"30767","1531","1","5","10"
"30768","682","1","5","10"
"30769","1507","1","5","5"
"30770","1508","1","5","5"
"30771","1511","1","5","10"
"30772","1514","1","5","10"
"30773","1522","1","5","10"
"30774","1524","1","5","10"
"30775","1509","1","5","10"
"30776","1516","1","5","10"
"30777","1520","1","5","10"
"30778","1523","1","5","10"
"30779","1551","1","5","10"
"30780","1552","1","5","10"
"30781","1553","1","5","10"
"30782","1554","1","5","10"
"30783","1555","1","5","10"
"30784","1556","1","5","10"
"30785","1557","1","5","10"
"30786","1558","1","5","10"
"30787","1530","1","5","10"
"30788","1585","1","5","10"
"30789","1586","1","5","10"
"30790","1587","1","5","10"
"30791","1588","1","5","10"
"30792","1589","1","5","10"
"30793","1590","1","5","10"
"30794","742","1","5","10"
"30795","1188","1","5","5"
"30796","1626","1","5","10"
"30797","1627","1","5","10"
"30798","1628","1","5","10"
"30799","1629","1","5","10"
"30800","1630","1","5","10"
"30801","1631","1","5","10"
"30802","1632","1","5","10"
"30803","1633","1","5","10"
"30804","1634","1","5","10"
"30805","1635","1","5","10"
"30806","1636","1","5","10"
"30807","1637","1","5","10"
"30808","1638","1","5","10"
"30809","1639","1","5","10"
"30810","1640","1","5","10"
"30811","1641","1","5","10"
"30812","1686","1","5","10"
"30813","1685","1","5","10"
"30814","1687","1","5","10"
"30815","1688","1","5","10"
"30816","1689","1","5","10"
"30817","1690","1","5","10"
"30818","1691","1","5","10"
"30819","1720","1","5","10"
"30820","1721","1","5","10"
"30821","1726","1","5","10"
"30822","1722","1","5","10"
"30823","1715","1","5","10"
"30824","1716","1","5","10"
"30825","1717","1","5","10"
"30826","1718","1","5","10"
"30827","1725","1","5","10"
"30828","1711","1","5","10"
"30829","1712","1","5","10"
"30830","1714","1","5","10"
"30831","1706","1","5","10"
"30832","1705","1","5","10"
"30833","1707","1","5","10"
"30834","1708","1","5","10"
"30835",,"1","5","15"
"30836",,"1","5","15"
"30837",,"1","5","15"
"30838","1710","1","5","10"
"30839","1646","1","5","10"
"30840","1647","1","5","10"
"30841","1648","1","5","10"
"30842","1649","1","5","10"
"30843","1650","1","5","10"
"30844","1651","1","5","10"
"30845","1652","1","5","10"
"30846","1653","1","5","10"
"30847","1654","1","5","10"
"30848","1656","1","5","10"
"30849","1658","1","5","10"
"30850","1659","1","5","10"
"30851","1655","1","5","10"
"30852","1657","1","5","10"
"30853","1660","1","5","10"
"30854","1591","1","5","5"
"30855",,"1","5","10"
"30856","1445","1","5","10"
"30857","1593","1","5","10"
"30858","1744","1","5","10"
"30859","1745","1","5","10"
"30860","1746","1","5","10"
"30861","1747","1","5","10"
"30862","1762","1","5","10"
"30863","1763","1","5","10"
"30864","1764","1","5","10"
"30865","1765","1","5","10"
"30866","1594","1","5","5"
"30867",,"1","5","10"
"30868","1406","1","5","5"
"30869",,"1","5","10"
"30870",,"1","5","15"
"30871",,"1","5","20"
"30872",,"1","5","10"
"30873",,"1","5","15"
"30874",,"1","5","20"
"30875",,"1","5","10"
"30876",,"1","5","15"
"30877",,"1","5","20"
"30878",,"1","5","10"
"30879",,"1","5","15"
"30880",,"1","5","20"
"30881","443","1","5","10"
"30086","439","1","5","10"
"30888","1810","1","5","10"
"30889","1809","1","5","10"
"30890","1811","1","5","10"
"30891","1596","1","5","10"
"30892","1597","1","5","10"
"30893","1598","1","5","10"
"30894","1599","1","5","10"
"30895","1600","1","5","10"
"30896","1601","1","5","10"
"30897","1602","1","5","10"
"30898","1603","1","5","10"
"30899","1604","1","5","10"
"30900","1605","1","5","10"
"30901","1606","1","5","10"
"30902","1607","1","5","10"
"30903","1608","1","5","10"
"30904","1609","1","5","10"
"30905","1610","1","5","10"
"30906","1611","1","5","10"
"30907","1612","1","5","10"
"30908","1613","1","5","10"
"30909","1615","1","5","10"
"30910","1616","1","5","10"
"30911","1614","1","5","10"
"30912","1844","1","5","5"
"30913","1697","1","5","5"
"30914",,"1","5","10"
"30915","1617","1","5","5"
"30916","1618","1","5","10"
"30917","1619","1","5","10"
"30918","1620","1","5","10"
"30919","1621","1","5","10"
"30920","1858","1","5","10"
"30921","1859","1","5","10"
"30922","1860","1","5","10"
"30923","1863","1","5","10"
"30924","1864","1","5","10"
"30925","1852","1","5","10"
"30926","1853","1","5","10"
"30927","1840","1","5","10"
"30928","1841","1","5","10"
"30929","1842","1","5","10"
"30930","1843","1","5","10"
"30931","1909","1","5","10"
"30932","1910","1","5","10"
"30933","1911","1","5","10"
"30934","1912","1","5","10"
"30935","1913","1","5","10"
"30936","1914","1","5","10"
"30937","1915","1","5","10"
"30938","1865","1","5","10"
"30939","1866","1","5","10"
"30940","1935","1","5","10"
"30941","1925","1","5","5"
"30942",,"1","5","10"
"30943",,"1","5","10"
"30944",,"1","5","10"
"30945",,"1","5","10"
"30946",,"1","5","10"
"30947",,"1","5","15"
"30948",,"1","5","15"
"30949",,"1","5","15"
"30950",,"1","5","15"
"30951",,"1","5","15"
"30952",,"1","5","15"
"30953","1846","1","5","5"
"30954",,"1","5","10"
"30955","1948","1","5","10"
"30956","1949","1","5","10"
"30957","1950","1","5","10"
"30958","1951","1","5","10"
"30959","1952","1","5","10"
"30960","1953","1","5","10"
"30961","1954","1","5","10"
"30962","1955","1","5","10"
"30963","1956","1","5","10"
"30964","1957","1","5","10"
"30965","1958","1","5","10"
"30966","1959","1","5","10"
"30967","1960","1","5","10"
"30968","1961","1","5","10"
"30969","1962","1","5","10"
"30970","1963","1","5","10"
"30971","1964","1","5","10"
"30972","1936","1","5","5"
"30973","1692","1","5","10"
"30974","1693","1","5","10"
"30975","1694","1","5","10"
"30976","2014","1","5","10"
"30977",,"1","5","10"
"30978","2002","1","5","10"
"30979","2003","1","5","10"
"30980","2004","1","5","10"
"30981","2006","1","5","10"
"30982","2005","1","5","10"
"30983","2007","1","5","10"
"30984","2008","1","5","10"
"30985","2009","1","5","10"
"30987","1937","1","5","10"
"30988","2011","1","5","10"
"31010","2037","1","5","10"
"31007","1172","1","5","10"
"31008","1946","1","5","10"
"31009","1947","1","5","10"
"31012","2046","1","5","10"
"31011","2045","1","5","10"
"31013","2047","1","5","10"
"31014","2048","1","5","10"
"31015","2049","1","5","10"
"31016","1917","1","5","5"
"31017","2012","1","5","10"
"31018","1943","1","5","5"
"31019","2013","1","5","10"
"31020",,"1","5","10"
"31021",,"1","5","15"
"31022",,"1","5","20"
"31023",,"1","5","10"
"31024",,"1","5","15"
"31025",,"1","5","20"
"31026",,"1","5","10"
"31027",,"1","5","15"
"31028",,"1","5","20"
"31029",,"1","5","10"
"31030",,"1","5","15"
"31031",,"1","5","20"
"31038","1966","1","5","10"
"31039","1967","1","5","10"
"31040","1984","1","5","10"
"31041","1986","1","5","10"
"31042","1968","1","5","10"
"31043","1988","1","5","10"
"31044","1987","1","5","10"
"31045","1969","1","5","10"
"31046","1973","1","5","10"
"31047","1985","1","5","10"
"31048","1970","1","5","10"
"31049","1971","1","5","10"
"31050","1992","1","5","10"
"31051","1991","1","5","10"
"31052","1990","1","5","10"
"31053","1989","1","5","10"
"31054","1972","1","5","10"
"31055","1974","1","5","10"
"31056","1663","1","5","5"
"31057","2050","1","5","5"
"31058",,"1","5","10"
"31059",,"1","5","15"
"31060",,"1","5","15"
"31061",,"1","5","10"
"31062",,"1","5","15"
"31063",,"1","5","15"
"31064",,"1","5","10"
"31065",,"1","5","10"
"31066",,"1","5","10"
"31067",,"1","5","15"
"31068",,"1","5","15"
"31069",,"1","5","15"
"31070",,"1","5","15"
"31071",,"1","5","15"
"31072",,"1","5","15"
"31073","2051","1","5","10"
"31074","2052","1","5","10"
"31075","1939","1","5","10"
"31076","2073","1","5","10"
"31077","1941","1","5","10"
"31078","2074","1","5","10"
"31079","1922","1","5","5"
"31080","2057","1","5","10"
"31081","2080","1","5","10"
"31082","2078","1","5","10"
"31083","2077","1","5","10"
"31084","2079","1","5","10"
"31085","2081","1","5","10"
"31086","2083","1","5","10"
"31087","2084","1","5","10"
"31088","2082","1","5","10"
"31089","2053","1","5","5"
"31090","2061","1","5","10"
"30989","2015","1","5","10"
"30990","2016","1","5","10"
"30991","2017","1","5","10"
"30992","2018","1","5","10"
"30993","2019","1","5","10"
"30994","2020","1","5","10"
"30995","2021","1","5","10"
"30996","2022","1","5","10"
"30997","2023","1","5","10"
"30998","2024","1","5","10"
"30999","2025","1","5","10"
"31000","2026","1","5","10"
"31001","2027","1","5","10"
"31002","2028","1","5","10"
"31003","2029","1","5","10"
"31004","2030","1","5","10"
"31005","2031","1","5","10"
"31006","2032","1","5","10"
"31091","2055","1","5","5"
"31092","2060","1","5","10"
"31096","1758","1","5","5"
"31093","2096","1","5","10"
"31094","2097","1","5","10"
"31095","2095","1","5","10"
"31100","2067","1","5","5"
"31101","2089","1","5","10"
"31097","2098","1","5","10"
"31098","2099","1","5","10"
"31099","2100","1","5","10"
"31110",,"1","5","15"
"31106","2193","1","5","10"
"31107","2194","1","5","10"
"31108","2195","1","5","10"
"31109","2196","1","5","10"
"31102","2197","1","5","10"
"31103","2198","1","5","10"
"31104","2199","1","5","10"
"31105","2200","1","5","10"
"31111","2205","1","5","10"
"31112","2103","1","5","5"
"31113","2104","1","5","10"
"31114","2206","1","5","10"
"31115","2258","1","5","10"
"31116","2259","1","5","10"
"31135",,"1","5","10"
"31136",,"1","5","10"
"31137",,"1","5","10"
"31138",,"1","5","15"
"31139",,"1","5","15"
"31140",,"1","5","15"
"31141",,"1","5","15"
"31142",,"1","5","15"
"31143",,"1","5","15"
"31117",,"1","5","10"
"31118",,"1","5","15"
"31119",,"1","5","20"
"31120",,"1","5","10"
"31121",,"1","5","15"
"31122",,"1","5","20"
"31123",,"1","5","10"
"31124",,"1","5","15"
"31125",,"1","5","20"
"31126",,"1","5","10"
"31127",,"1","5","15"
"31128",,"1","5","20"
"31144","2211","1","5","10"
"31145","2208","1","5","10"
"31146","2210","1","5","10"
"31147","2209","1","5","10"
"31148","2212","1","5","10"
"31149","2213","1","5","10"
"31150","2214","1","5","10"
"31151","2215","1","5","10"
"31152","2216","1","5","10"
"31153","2217","1","5","10"
"31154","2218","1","5","10"
"31155","2219","1","5","10"
"31156","2220","1","5","10"
"31157","2221","1","5","10"
"31158","2222","1","5","10"
"31159","2223","1","5","10"
"31160","2224","1","5","10"
"31161","2225","1","5","10"
"31162","2226","1","5","10"
"31163","2227","1","5","10"
"31164","2228","1","5","10"
"31165","2229","1","5","10"
"31166","2308","1","5","10"
"31167","2309","1","5","10"
"31168","2310","1","5","10"
"31169","2284","1","5","10"
"31171","2317","1","5","10"
"31172","2286","1","5","10"
"31173","2118","1","5","5"
"31174","2119","1","5","10"
"31175","2114","1","5","5"
"31176","2120","1","5","10"
"31178","2352","1","5","5"
"31177","2351","1","5","5"
"31179","2353","1","5","10"
"31180","2287","1","5","10"
"31181","2288","1","5","10"
"31182","2312","1","5","10"
"31183","2313","1","5","10"
"31184","2314","1","5","10"
"31185","2315","1","5","10"
"31186","2316","1","5","10"
"31187","2311","1","5","10"
"31188","2378","1","5","10"
"31189","2292","1","5","10"
"31190","2318","1","5","10"
"31191","2296","1","5","10"
"31192","2379","1","5","10"
"31193","2320","1","5","10"
"31194","2294","1","5","10"
"31195","2321","1","5","10"
"31196","2297","1","5","10"
"31197","2298","1","5","10"
"31198","2380","1","5","10"
"31201","2062","1","5","5"
"31199","1477","1","5","10"
"31200","2306","1","5","10"
"31202","2471","1","5","10"
"31203","2472","1","5","10"
"31204","2473","1","5","10"
"31205","2301","1","5","10"
"31206","2474","1","5","10"
"31207","2303","1","5","10"
"31208","2475","1","5","10"
"31212","2250","1","5","5"
"31214","2253","1","5","10"
"31213","2251","1","5","5"
"31215","2254","1","5","10"
"31216","2257","1","5","5"
"31209","2502","1","5","10"
"31210","2503","1","5","10"
"31211","2504","1","5","10"
"31227","2476","1","5","10"
"31228","2088","1","5","10"
"31229","2087","1","5","10"
"31217",,"1","5","10"
"31218",,"1","5","10"
"31219",,"1","5","10"
"31220",,"1","5","10"
"31221",,"1","5","15"
"31222",,"1","5","15"
"31223",,"1","5","15"
"31224",,"1","5","15"
"31225",,"1","5","15"
"31226",,"1","5","15"
"31230","2359","1","5","10"
"31231","2360","1","5","10"
"31232","2361","1","5","10"
"31233","2362","1","5","10"
"31234","2363","1","5","10"
"31235","2364","1","5","10"
"31236","2365","1","5","10"
"31237","2366","1","5","10"
"31238","2367","1","5","10"
"31239","2368","1","5","10"
"31240","2369","1","5","10"
"31241","2370","1","5","10"
"31242","2371","1","5","10"
"31243","2372","1","5","10"
"31244","2373","1","5","10"
"31245","2374","1","5","10"
"31246","2375","1","5","10"
"31247","2376","1","5","10"
"31248","2377","1","5","10"
"31249","2266","1","5","10"
"31250","2267","1","5","10"
"31251","2268","1","5","10"
"31252","2269","1","5","10"
"31253","2270","1","5","10"
"31254","2271","1","5","10"
"31255","2272","1","5","10"
"31256","2273","1","5","10"
"31257","2274","1","5","10"
"31258","2275","1","5","10"
"31259","2276","1","5","10"
"31260","2277","1","5","10"
"31261","2278","1","5","10"
"31262","2279","1","5","10"
"31263","2280","1","5","10"
"31264","2585","1","5","10"
"31265","2563","1","5","10"
"31266","2564","1","5","10"
"31267","2565","1","5","10"
"31287","2477","1","5","5"
"31289","2479","1","5","10"
"31288","2493","1","5","5"
"31290","2494","1","5","10"
"31291","2560","1","5","5"
"31268","2566","1","5","10"
"31269","2567","1","5","10"
"31270","2568","1","5","10"
"31271","2569","1","5","10"
"31272","2570","1","5","10"
"31273","2571","1","5","10"
"31274","2572","1","5","10"
"31275","2573","1","5","10"
"31276","2574","1","5","10"
"31277","2575","1","5","10"
"31278","2576","1","5","10"
"31279","2577","1","5","10"
"31280","2578","1","5","10"
"31281","2579","1","5","10"
"31282","2580","1","5","10"
"31283","2581","1","5","10"
"31284","2582","1","5","10"
"31285","2583","1","5","10"
"31286","2584","1","5","10"
"31292","2639","1","5","10"
"31296","2699","1","5","10"
"31294","2607","1","5","10"
"31295","2608","1","5","10"
"31297","2662","1","5","10"
"31298","2663","1","5","10"
"31299","2664","1","5","10"
"31300","2587","1","5","10"
"31301","2588","1","5","10"
"31302","2589","1","5","10"
"31303","2590","1","5","10"
"31304","2591","1","5","10"
"31305","2592","1","5","10"
"31306","2593","1","5","10"
"31307","2594","1","5","10"
"31308","2595","1","5","10"
"31309","2596","1","5","10"
"31310","2597","1","5","10"
"31311","2598","1","5","10"
"31312","2599","1","5","10"
"31313","2600","1","5","10"
"31314","2601","1","5","10"
"31315","2602","1","5","10"
"31316","2603","1","5","10"
"31317","2604","1","5","10"
"31318","2605","1","5","10"
"31331","2556","1","5","5"
"31347",,"1","5","10"
"31348",,"1","5","10"
"31370",,"1","5","10"
"31371",,"1","5","10"
"31372",,"1","5","10"
"31373",,"1","5","15"
"31374",,"1","5","15"
"31375",,"1","5","15"
"31376",,"1","5","15"
"31377",,"1","5","15"
"31378",,"1","5","15"
"31379","2665","1","5","10"
"31380","2666","1","5","10"
"31332","2669","1","5","10"
"31333","2670","1","5","10"
"31334","2671","1","5","10"
"31335","2672","1","5","10"
"31336","2673","1","5","10"
"31337","2674","1","5","10"
"31338","2675","1","5","10"
"31339","2676","1","5","10"
"31340","2677","1","5","10"
"31341","2678","1","5","10"
"31342","2679","1","5","10"
"31343","2680","1","5","10"
"31344","2681","1","5","10"
"31345","2682","1","5","10"
"31346","2683","1","5","10"
"31381","2778","1","5","10"
"31382","2781","1","5","10"
"31383","2640","1","5","5"
"31384",,"1","5","10"
"31356","2756","1","5","10"
"31358","2758","1","5","10"
"31362","2762","1","5","10"
"31353","2753","1","5","10"
"31366","2766","1","5","10"
"31369","2769","1","5","10"
"31354","2754","1","5","10"
"31364","2764","1","5","10"
"31368","2768","1","5","10"
"31361","2782","1","5","10"
"31355","2755","1","5","10"
"31359","2759","1","5","10"
"31360","2760","1","5","10"
"31351","1719","1","5","10"
"31357","2757","1","5","10"
"31367","2767","1","5","10"
"31352","2752","1","5","10"
"31365","2765","1","5","10"
"31363","2763","1","5","10"
"31385","2610","1","5","10"
"31386","2611","1","5","10"
"31387","2612","1","5","10"
"31388",,"1","5","10"
"31389",,"1","5","15"
"31390",,"1","5","20"
"31391",,"1","5","10"
"31392",,"1","5","15"
"31393",,"1","5","20"
"31394",,"1","5","10"
"31395",,"1","5","15"
"31396",,"1","5","20"
"31397",,"1","5","10"
"31398",,"1","5","15"
"31399",,"1","5","20"
"31406","2783","1","5","10"
"31407","2784","1","5","10"
"31408","2785","1","5","10"
"31409","2786","1","5","10"
"31410","2787","1","5","10"
"31411","2788","1","5","10"
"31412","2789","1","5","10"
"31413","2790","1","5","10"
"31414","2791","1","5","10"
"31415","2792","1","5","10"
"31416","2793","1","5","10"
"31417","2794","1","5","10"
"31418","2795","1","5","10"
"31419","2796","1","5","10"
"31420","2797","1","5","10"
"31421","2798","1","5","10"
"31422","2799","1","5","10"
"31423","2800","1","5","10"
"31424","2801","1","5","10"
"31349","2779","1","5","10"
"31350","2780","1","5","10"
"31428","2688","1","5","5"
"31429",,"1","5","10"
"31425","2281","1","5","5"
"31426","2648","1","5","10"
"31427","2649","1","5","10"
"31430","2829","1","5","10"
"31431","2830","1","5","10"
"31432","2831","1","5","10"
"31433","2832","1","5","10"
"31434","2833","1","5","10"
"31435","2834","1","5","10"
"31319","2651","1","5","10"
"31321","2653","1","5","10"
"31323","2655","1","5","10"
"31325","2657","1","5","10"
"31326","2658","1","5","10"
"31328","2660","1","5","10"
"31329","2661","1","5","10"
"31436","2827","1","5","10"
"31437",,"1","5","10"
"31438",,"1","5","10"
"31439",,"1","5","10"
"31440",,"1","5","10"
"31441",,"1","5","10"
"31442",,"1","5","15"
"31443",,"1","5","15"
"31444",,"1","5","15"
"31445",,"1","5","15"
"31446",,"1","5","15"
"31447",,"1","5","15"
"31452","2689","1","5","5"
"31453",,"1","5","10"
"31448","2645","1","5","5"
"31449","2916","1","5","10"
"31450","2917","1","5","10"
"31451","2918","1","5","10"
"31454","2912","1","5","10"
"31455","2913","1","5","10"
"31456","2922","1","5","10"
"31457","2923","1","5","10"
"31458","2924","1","5","10"
"31459","2925","1","5","10"
"31460","2926","1","5","10"
"31461","2927","1","5","10"
"31462","2928","1","5","10"
"31463","2929","1","5","10"
"31464","2930","1","5","10"
"31465","2931","1","5","10"
"31466","2932","1","5","10"
"31467","2933","1","5","10"
"31468","2934","1","5","10"
"31469","2935","1","5","10"
"31470","2936","1","5","10"
"31471","2937","1","5","10"
"31472","2938","1","5","10"
"31473","2939","1","5","10"
"31474","2940","1","5","10"
"31475","2941","1","5","10"
"31476","2692","1","5","5"
"31477",,"1","5","10"
"31478","2956","1","5","10"
"31479","2957","1","5","10"
"31480","2694","1","5","5"
"31481",,"1","5","10"
"31482","2958","1","5","10"
"31483","2959","1","5","10"
"31484","2960","1","5","10"
"31485","2961","1","5","10"
"31486","2962","1","5","10"
"31487","2990","1","5","10"
"31488","2964","1","5","10"
"31489","2965","1","5","10"
"31490","2966","1","5","10"
"31491","2967","1","5","10"
"31492","2968","1","5","10"
"31493","2969","1","5","10"
"31494","2970","1","5","10"
"31495","2971","1","5","10"
"31496","2972","1","5","10"
"31497","2973","1","5","10"
"31498","2974","1","5","10"
"31499","2975","1","5","10"
"31500","2976","1","5","10"
"31501","2977","1","5","10"
"31502","2978","1","5","10"
"31503","2979","1","5","10"
"31504","2980","1","5","10"
"31505","2981","1","5","10"
"31506","2982","1","5","10"
"31507","2983","1","5","10"
"31508","2984","1","5","10"
"31509","2985","1","5","10"
"31510","2770","1","5","5"
"31511",,"1","5","10"
"31512",,"1","5","10"
"31513",,"1","5","15"
"31514",,"1","5","20"
"31515",,"1","5","10"
"31516",,"1","5","15"
"31517",,"1","5","20"
"31518",,"1","5","10"
"31519",,"1","5","15"
"31520",,"1","5","20"
"31521",,"1","5","10"
"31522",,"1","5","15"
"31523",,"1","5","20"
"31530","3041","1","5","10"
"31531","2995","1","5","10"
"31532","2996","1","5","10"
"31533","2997","1","5","10"
"31534","2772","1","5","5"
"31535",,"1","5","10"
"31536",,"1","5","15"
"31537","2701","1","5","5"
"31538","3047","1","5","10"
"31539","3048","1","5","10"
"31540","3116","1","5","10"
"31541","3117","1","5","10"
"31542","3075","1","5","10"
"31543","3076","1","5","10"
"31544","3077","1","5","10"
"31545","2946","1","5","5"
"31546",,"1","5","10"
"31547","3124","1","5","10"
"31548","3079","1","5","10"
"31549","3125","1","5","10"
"31550","2955","1","5","5"
"31551",,"1","5","10"
"31553","3081","1","5","10"
"31554","3171","1","5","10"
"31555","3082","1","5","10"
"31556","3172","1","5","10"
"31557","3230","1","5","10"
"31558","2998","1","5","5"
"31552",,"1","5","10"
"31559","3173","1","5","10"
"31560","3174","1","5","10"
"31561","3175","1","5","10"
"31562","2950","1","5","5"
"31563","3210","1","5","10"
"31564","3209","1","5","10"
"31565","3233","1","5","10"
"31566","3234","1","5","10"
"31567","3235","1","5","10"
"31568","2999","1","5","5"
"31569",,"1","5","10"
"31590","2951","1","5","10"
"31570","3086","1","5","10"
"31571","3087","1","5","10"
"31572","3088","1","5","10"
"31573","3089","1","5","10"
"31574","3090","1","5","10"
"31575","3091","1","5","10"
"31576","3092","1","5","10"
"31577","3093","1","5","10"
"31578","3094","1","5","10"
"31579","3095","1","5","10"
"31580","3096","1","5","10"
"31581","3097","1","5","10"
"31582","3098","1","5","10"
"31583","3099","1","5","10"
"31584","3100","1","5","10"
"31585","3101","1","5","10"
"31586","3102","1","5","10"
"31587","3103","1","5","10"
"31588","3104","1","5","10"
"31589","3105","1","5","10"
"31591",,"1","5","15"
"31592",,"1","5","15"
"31593",,"1","5","15"
"31594",,"1","5","15"
"31595",,"1","5","15"
"31596",,"1","5","15"
"31597",,"1","5","15"
"31598",,"1","5","15"
"31599",,"1","5","15"
"31600","3271","1","5","10"
"31601","3272","1","5","10"
"31602","3273","1","5","10"
"31603","3320","1","5","10"
"31604","3108","1","5","5"
"31605",,"1","5","10"
"31606","3274","1","5","10"
"31607","3275","1","5","10"
"31608","3276","1","5","10"
"31609","2945","1","5","5"
"31610","2949","1","5","10"
"31611","3177","1","5","5"
"31612","3184","1","5","10"
"31613","3324","1","5","10"
"31614","3277","1","5","10"
"31615","3278","1","5","10"
"31616",,"1","5","10"
"31617",,"1","5","15"
"31618",,"1","5","20"
"31619",,"1","5","10"
"31620",,"1","5","15"
"31621",,"1","5","20"
"31622",,"1","5","10"
"31623",,"1","5","15"
"31624",,"1","5","20"
"31625",,"1","5","10"
"31626",,"1","5","15"
"31627",,"1","5","20"
"31634","3270","1","5","10"
"31635","3321","1","5","10"
"31637","3328","1","5","10"
"31636","3322","1","5","10"
"31638","3109","1","5","5"
"31639",,"1","5","10"
"31640","3351","1","5","10"
"31641","3329","1","5","10"
"31642","3330","1","5","10"
"31643","3352","1","5","10"
"31644","3331","1","5","10"
"31645","3118","1","5","5"
"31646",,"1","5","10"
"31647","3367","1","5","10"
"31648","3368","1","5","10"
"31649","2991","1","5","5"
"31650","3369","1","5","10"
"31651","3370","1","5","10"
"31652","3347","1","5","10"
"31653","3348","1","5","10"
"31654","3349","1","5","10"
"31655","3417","1","5","10"
"31656","3418","1","5","10"
"31657","3419","1","5","10"
"31658","3420","1","5","10"
"31659","3421","1","5","10"
"31660","3422","1","5","10"
"31661","3423","1","5","10"
"31662","3424","1","5","10"
"31663","3425","1","5","10"
"31664","3119","1","5","5"
"31665",,"1","5","10"
"31666","3238","1","5","5"
"31667","3427","1","5","10"
"31668","3426","1","5","10"
"31669","3236","1","5","5"
"31670",,"1","5","10"
"31671",,"1","5","10"
"31672",,"1","5","10"
"31673",,"1","5","10"
"31674",,"1","5","15"
"31675",,"1","5","15"
"31676",,"1","5","15"
"31677",,"1","5","15"
"31678",,"1","5","15"
"31679",,"1","5","15"
"31680","3428","1","5","10"
"31681","2289","1","5","10"
"31682","3237","1","5","5"
"31683",,"1","5","10"
"31684","3392","1","5","5"
"31685","3372","1","5","10"
"31686","3373","1","5","10"
"31687","3375","1","5","10"
"31688","3376","1","5","10"
"31689","3377","1","5","10"
"31690","3381","1","5","10"
"31691","3383","1","5","10"
"31692","3384","1","5","10"
"31693","3385","1","5","10"
"31694","3386","1","5","10"
"31695","3387","1","5","10"
"31696","3388","1","5","10"
"31697","3389","1","5","10"
"31698","3390","1","5","10"
"31699","3391","1","5","10"
"31700","3371","1","5","10"
"31701","3374","1","5","10"
"31702","3378","1","5","10"
"31703","3379","1","5","10"
"31704","3380","1","5","10"
"31705","3382","1","5","10"
"31706","3446","1","5","10"
"31707","3447","1","5","10"
"31708","3448","1","5","10"
"31709","3334","1","5","5"
"31710",,"1","5","10"
"31711","3449","1","5","10"
"31712","3430","1","5","10"
"31713","3431","1","5","10"
"31714","3332","1","5","5"
"31715",,"1","5","10"
"31716","3176","1","5","5"
"31717","1945","1","5","5"
"31718","3450","1","5","10"
"31719","3451","1","5","10"
"31720","3333","1","5","5"
"31721",,"1","5","10"
"31722","3452","1","5","10"
"31723","3453","1","5","10"
"31724","3454","1","5","10"
"31725","3455","1","5","10"
"31726","3456","1","5","10"
"31727","3485","1","5","10"
"31728","3487","1","5","10"
"31729","3488","1","5","10"
"31730","3489","1","5","10"
"31731","3490","1","5","10"
"31732","3491","1","5","10"
"31733","3492","1","5","10"
"31734","3493","1","5","10"
"31735","3494","1","5","10"
"31736","3495","1","5","10"
"31737","3496","1","5","10"
"31738","3497","1","5","10"
"31739","3498","1","5","10"
"31740","3499","1","5","10"
"31741","3500","1","5","10"
"31742","3501","1","5","10"
"31743",,"1","5","10"
"31744",,"1","5","15"
"31745",,"1","5","20"
"31746",,"1","5","10"
"31747",,"1","5","15"
"31748",,"1","5","20"
"31749",,"1","5","10"
"31750",,"1","5","15"
"31751",,"1","5","20"
"31752",,"1","5","10"
"31753",,"1","5","15"
"31754",,"1","5","20"
"31761","3502","1","5","10"
"31762","3503","1","5","10"
"31763","3504","1","5","10"
"31764","3432","1","5","5"
"31765",,"1","5","10"
"30077","441","1","5","10"
"31766","446","1","5","10"
"31767","3433","1","5","5"
"31768",,"1","5","10"
"31769","3577","1","5","10"
"31770","3578","1","5","10"
"31771","3579","1","5","10"
"31772","3242","1","5","5"
"31773","3505","1","5","10"
"31774","3506","1","5","10"
"31775","3507","1","5","10"
"31776","3074","1","5","10"
"31777","3555","1","5","10"
"31778","3556","1","5","10"
"31779","3557","1","5","10"
"31780","3558","1","5","10"
"31781","3559","1","5","10"
"31782","3560","1","5","10"
"31783","3561","1","5","10"
"31784","3562","1","5","10"
"31785","3563","1","5","10"
"31786","3564","1","5","10"
"31787","3565","1","5","10"
"31788","3566","1","5","10"
"31789","3567","1","5","10"
"31790","3568","1","5","10"
"31791","3569","1","5","10"
"31792","3570","1","5","10"
"31793","3571","1","5","10"
"31794","3572","1","5","10"
"31795","3573","1","5","10"
"31796","3574","1","5","10"
"31797","3575","1","5","10"
"31798","3576","1","5","10"
"31799",,"1","5","10"
"31800","3437","1","5","5"
"31801",,"1","5","10"
"31802","3680","1","5","10"
"31803","3681","1","5","10"
"31804","3682","1","5","10"
"31805","3687","1","5","5"
"31806",,"1","5","10"
"31807","2687","1","5","5"
"31808","3730","1","5","10"
"31809","3731","1","5","10"
"31810","3729","1","5","10"
"31811","3701","1","5","10"
"31812","3699","1","5","10"
"31813","3656","1","5","10"
"31814","3657","1","5","10"
"31815","3658","1","5","10"
"31816","3659","1","5","10"
"31817","3660","1","5","10"
"31818","3661","1","5","10"
"31819","3662","1","5","10"
"31820","3663","1","5","10"
"31821","3664","1","5","10"
"31822","3665","1","5","10"
"31823","3666","1","5","10"
"31824","3667","1","5","10"
"31825","3668","1","5","10"
"31826","3669","1","5","10"
"31827","3670","1","5","10"
"31828","3671","1","5","10"
"31829","3672","1","5","10"
"31830","3673","1","5","10"
"31831","3674","1","5","10"
"31832","3675","1","5","10"
"31833","3676","1","5","10"
"31834","3677","1","5","10"
"31835","3688","1","5","5"
"31836",,"1","5","10"
"31837","3781","1","5","10"
"31838","3782","1","5","10"
"31857","3794","1","5","10"
"31858","3795","1","5","10"
"31859","3797","1","5","10"
"31860","3798","1","5","10"
"31861","3800","1","5","10"
"31862","3691","1","5","5"
"31863",,"1","5","10"
"31864","3683","1","5","10"
"31865","3684","1","5","10"
"31866","3685","1","5","10"
"31867","3793","1","5","10"
"31868","3796","1","5","10"
"31869","3799","1","5","10"
"31870","3801","1","5","10"
"31871","3802","1","5","10"
"31872","2319","1","5","10"
"31873","3891","1","5","10"
"31874","3804","1","5","10"
"31875","3757","1","5","10"
"31876","3758","1","5","10"
"31877","3759","1","5","10"
"31878","3760","1","5","10"
"31879","3761","1","5","10"
"31880","3762","1","5","10"
"31881","3763","1","5","10"
"31882","3764","1","5","10"
"31883","3765","1","5","10"
"31884","3766","1","5","10"
"31885","3767","1","5","10"
"31886","3768","1","5","10"
"31887","3769","1","5","10"
"31888","3770","1","5","10"
"31889","3771","1","5","10"
"31890","3772","1","5","10"
"31891","3773","1","5","10"
"31892","3774","1","5","10"
"31893","3775","1","5","10"
"31894","3776","1","5","10"
"31895","3777","1","5","10"
"31896","3778","1","5","10"
"31897","3779","1","5","10"
"31898",,"1","5","10"
"31899","3784","1","5","5"
"31900","3899","1","5","10"
"31901","3900","1","5","10"
"31902","3901","1","5","10"
"31903","3898","1","5","10"
"31904","3692","1","5","5"
"31905",,"1","5","10"
"31839",,"1","5","10"
"31840",,"1","5","15"
"31841",,"1","5","20"
"31842",,"1","5","10"
"31843",,"1","5","15"
"31844",,"1","5","20"
"31845",,"1","5","10"
"31846",,"1","5","15"
"31847",,"1","5","20"
"31848",,"1","5","10"
"31849",,"1","5","15"
"31850",,"1","5","20"
"31906","3902","1","5","10"
"31907","3903","1","5","10"
"31908","3904","1","5","10"
"31909","3905","1","5","10"
"31912","3908","1","5","10"
"31913","3909","1","5","10"
"31914","3910","1","5","10"
"31915","3911","1","5","10"
"31916","3912","1","5","10"
"31917","3913","1","5","10"
"31918","3914","1","5","10"
"31920","3916","1","5","10"
"31921","3917","1","5","10"
"31922","3918","1","5","10"
"31925","3921","1","5","10"
"31927","3923","1","5","10"
"31930","3926","1","5","10"
"31910","3906","1","5","10"
"31911","3907","1","5","10"
"31919","3915","1","5","10"
"31923","3919","1","5","10"
"31924","3920","1","5","10"
"31926","3922","1","5","10"
"31928","3924","1","5","10"
"31929","3925","1","5","10"
"31931","3927","1","5","10"
"31932","3789","1","5","5"
"31933",,"1","5","10"
"31934","3930","1","5","10"
"31935","3931","1","5","10"
"31936","3932","1","5","10"
"31937","3790","1","5","5"
"31938",,"1","5","10"
"31939","3806","1","5","10"
"31940","3807","1","5","10"
"31941","3805","1","5","10"
"31942","3808","1","5","10"
"31943","3809","1","5","10"
"31944","3813","1","5","10"
"31945","3810","1","5","10"
"31946","3811","1","5","10"
"31947","3812","1","5","10"
"31948","3814","1","5","10"
"31949",,"1","5","10"
"31950",,"1","5","10"
"31951",,"1","5","10"
"31952",,"1","5","10"
"31953",,"1","5","15"
"31954",,"1","5","15"
"31955",,"1","5","15"
"31956",,"1","5","15"
"31957",,"1","5","15"
"31958",,"1","5","15"
"31959","4070","1","5","10"
"31960","4071","1","5","10"
"31961","4072","1","5","10"
"31962","4073","1","5","10"
"31963","4074","1","5","10"
"31964","4081","1","5","10"
"31965","4082","1","5","10"
"30986","2010","1","5","10"
"31966","4083","1","5","10"
"31967","4084","1","5","10"
"31968","3896","1","5","5"
"31969","4062","1","5","10"
"31970","4063","1","5","10"
"31971","4064","1","5","10"
"31972","4065","1","5","10"
"31973","4066","1","5","10"
"31974","4067","1","5","10"
"31975","4068","1","5","10"
"31976","4069","1","5","10"
"31982",,"1","5","10"
"31983",,"1","5","10"
"31984",,"1","5","10"
"31985",,"1","5","15"
"31986",,"1","5","15"
"31987",,"1","5","15"
"31988",,"1","5","15"
"31989",,"1","5","15"
"31990",,"1","5","15"
"31977","4078","1","5","10"
"31978","4079","1","5","10"
"31979","4080","1","5","10"
"31980","3892","1","5","5"
"31981",,"1","5","10"
"31991",,"1","5","10"
"31992",,"1","5","15"
"31993",,"1","5","20"
"31994",,"1","5","10"
"31995",,"1","5","15"
"31996",,"1","5","20"
"31997",,"1","5","10"
"31998",,"1","5","15"
"31999",,"1","5","20"
"32000",,"1","5","10"
"32001",,"1","5","15"
"32002",,"1","5","20"
"32009","4120","1","5","10"
"32010","4121","1","5","10"
"32011","4122","1","5","10"
"32012","4123","1","5","10"
"32013","4124","1","5","10"
"32014","3893","1","5","5"
"32015",,"1","5","10"
"32016","3457","1","5","5"
"32017","4128","1","5","10"
"32018","4129","1","5","10"
"32019","4136","1","5","10"
"32020","4137","1","5","10"
"32021","4138","1","5","10"
"32022","4086","1","5","5"
"32023",,"1","5","10"
"32024",,"1","5","15"
"32025",,"1","5","15"
"32026",,"1","5","15"
"32027",,"1","5","15"
"32028",,"1","5","15"
"32029",,"1","5","15"
"32030",,"1","5","15"
"32031",,"1","5","15"
"32032",,"1","5","15"
"32033","4139","1","5","10"
"32034","4140","1","5","10"
"32035","4141","1","5","10"
"32036","4142","1","5","10"
"32037","4143","1","5","10"
"32038","4144","1","5","10"
"32039","4085","1","5","5"
"32040",,"1","5","10"
"32041","3844","1","5","5"
"32042","4204","1","5","10"
"32043","4205","1","5","10"
"32044","4206","1","5","10"
"32045","4207","1","5","10"
"32046","4208","1","5","10"
"32047","4209","1","5","10"
"32048","4210","1","5","10"
"32049","4211","1","5","10"
"32050","4212","1","5","10"
"32051","4213","1","5","10"
"32052","4087","1","5","5"
"32053",,"1","5","10"
"32054","4292","1","5","10"
"32055","4293","1","5","10"
"32056","4294","1","5","10"
"32057","4295","1","5","10"
"32058","4296","1","5","10"
"32059","4297","1","5","10"
"32060","4298","1","5","10"
"32061","4299","1","5","10"
"32062","4300","1","5","10"
"32063","4301","1","5","10"
"32064","4302","1","5","10"
"32065","4303","1","5","10"
"32066","4304","1","5","10"
"32067","4305","1","5","10"
"32068","4306","1","5","10"
"32069","4307","1","5","10"
"32070","4308","1","5","10"
"32071","4309","1","5","10"
"32072","4310","1","5","10"
"32073","4311","1","5","10"
"32074","4312","1","5","10"
"32075","4313","1","5","10"
"32076","4314","1","5","10"
"32077","4315","1","5","10"
"32078","4316","1","5","10"
"32079","4317","1","5","10"
"32080","4318","1","5","10"
"32081","4319","1","5","10"
"32082","4320","1","5","10"
"32083","4321","1","5","10"
"32084","4322","1","5","10"
"32085","4323","1","5","10"
"32086",,"1","5","10"
"32087","4088","1","5","5"
"32088",,"1","5","10"
"32089","4337","1","5","10"
"32090","4125","1","5","10"
"32091","4126","1","5","10"
"32092","4364","1","5","10"
"32093","4089","1","5","5"
"32094",,"1","5","10"
"32095","4369","1","5","10"
"32096","4370","1","5","10"
"32097","4371","1","5","10"
"32098","4372","1","5","10"
"32099","4373","1","5","10"
"32100","4368","1","5","10"
"32101","4366","1","5","10"
"32102","4367","1","5","10"
"32103","4091","1","5","5"
"32104",,"1","5","10"
"32105","3335","1","5","5"
"32106","4374","1","5","10"
"32107","4132","1","5","5"
"32108","4365","1","5","10"
"32109","4384","1","5","10"
"32110","4382","1","5","10"
"32111","4383","1","5","10"
"32112","4090","1","5","5"
"32113",,"1","5","10"
"32114",,"1","5","10"
"32115",,"1","5","10"
"32116",,"1","5","10"
"32117",,"1","5","10"
"32118",,"1","5","15"
"32119",,"1","5","15"
"32120",,"1","5","15"
"32121",,"1","5","15"
"32122",,"1","5","15"
"32123",,"1","5","15"
"32124","4340","1","5","10"
"32125","4341","1","5","10"
"32126","4342","1","5","10"
"32127","4343","1","5","10"
"32128","4344","1","5","10"
"32129","4345","1","5","10"
"32130","4346","1","5","10"
"32131","4347","1","5","10"
"32132","4348","1","5","10"
"32133","4349","1","5","10"
"32134","4350","1","5","10"
"32135","4351","1","5","10"
"32136","4352","1","5","10"
"32137","4353","1","5","10"
"32138","4354","1","5","10"
"32139","4355","1","5","10"
"32140","4356","1","5","10"
"32141","4357","1","5","10"
"32142","4358","1","5","10"
"32143","4359","1","5","10"
"32144","4360","1","5","10"
"32145","4361","1","5","10"
"32146","4362","1","5","10"
"32147","4363","1","5","10"
"32148","4378","1","5","10"
"32149","4379","1","5","10"
"32150","4380","1","5","10"
"32151","4375","1","5","10"
"32152","4376","1","5","10"
"32153","4377","1","5","10"
"32154","4092","1","5","5"
"32155",,"1","5","10"
"32156","3689","1","5","5"
"32157","4385","1","5","10"
"32158","4386","1","5","10"
"32159","4387","1","5","10"
"32160","4388","1","5","10"
"32161","4389","1","5","10"
"32162","4474","1","5","10"
"32163","4475","1","5","10"
"32164","4476","1","5","10"
"32165","4478","1","5","10"
"32166","4480","1","5","10"
"32167","4093","1","5","5"
"32168",,"1","5","10"
"32169","4477","1","5","10"
"32170","4479","1","5","10"
"32171","4481","1","5","10"
"32172","4482","1","5","10"
"32173","4483","1","5","10"
"32174","4094","1","5","5"
"32175",,"1","5","10"
"32189","4484","1","5","10"
"32190","4485","1","5","10"
"32191","4486","1","5","10"
"32192","4487","1","5","10"
"32193","4488","1","5","10"
"32194","4489","1","5","10"
"32195","4490","1","5","10"
"32196","4491","1","5","10"
"32197","4095","1","5","5"
"32198",,"1","5","10"
"32176",,"1","5","10"
"32177",,"1","5","15"
"32178",,"1","5","20"
"32179",,"1","5","10"
"32180",,"1","5","15"
"32181",,"1","5","20"
"32182",,"1","5","10"
"32183",,"1","5","15"
"32184",,"1","5","20"
"32185",,"1","5","10"
"32186",,"1","5","15"
"32187",,"1","5","20"
"32204","4032","1","5","5"
"32205","4508","1","5","10"
"32206","4494","1","5","10"
"32207","4537","1","5","10"
"32208","4495","1","5","10"
"32209","4496","1","5","10"
"32210","4497","1","5","10"
"32211","4098","1","5","5"
"32212",,"1","5","10"
"32218","3336","1","5","5"
"32219","4131","1","5","5"
"32220","4502","1","5","10"
"32221","4503","1","5","10"
"32222","4504","1","5","10"
"32223","4096","1","5","5"
"32224",,"1","5","10"
"32225","4580","1","5","10"
"32226","4581","1","5","10"
"32227","4582","1","5","10"
"32228","4583","1","5","10"
"32229","4584","1","5","10"
"32230","4586","1","5","10"
"32231","4587","1","5","10"
"32232","4588","1","5","10"
"32233","4589","1","5","10"
"32234","4590","1","5","10"
"32235","4097","1","5","5"
"32236",,"1","5","10"
"32237","4117","1","5","5"
"32238","4591","1","5","10"
"32239","4592","1","5","10"
"32240","4593","1","5","10"
"32241","4594","1","5","10"
"32242","4595","1","5","10"
"32243","1050","1","5","10"
"32244","4607","1","5","10"
"32245","4608","1","5","10"
"32246","4099","1","5","5"
"32247",,"1","5","10"
"32248","3788","1","5","5"
"32249","4636","1","5","10"
"32250","4637","1","5","10"
"32251","4638","1","5","10"
"32252","4639","1","5","10"
"32253","4640","1","5","10"
"32254","4641","1","5","10"
"32255","4642","1","5","10"
"32256","4643","1","5","10"
"32257","4644","1","5","10"
"32258","4645","1","5","10"
"32259","4646","1","5","10"
"32260","4647","1","5","10"
"32261","4648","1","5","10"
"32262","4649","1","5","10"
"32263","4650","1","5","10"
"32264","4651","1","5","10"
"32265","4652","1","5","10"
"32266","4653","1","5","10"
"32267","4654","1","5","10"
"32268","4655","1","5","10"
"32269","4656","1","5","10"
"32270","4657","1","5","10"
"32271","4658","1","5","10"
"32272","4659","1","5","10"
"32273","4660","1","5","10"
"32274","4661","1","5","10"
"32275","4100","1","5","5"
"32276",,"1","5","10"
"32277","4664","1","5","10"
"32278","4665","1","5","10"
"32279","4666","1","5","10"
"32280","4663","1","5","10"
"32281","4694","1","5","10"
"32282","4695","1","5","10"
"32283","4696","1","5","10"
"32284","4697","1","5","10"
"32285","4704","1","5","10"
"32286","4667","1","5","10"
"32287","4668","1","5","10"
"32288","4669","1","5","10"
"32289","4670","1","5","10"
"32290","4671","1","5","10"
"32291","4672","1","5","10"
"32292","4673","1","5","10"
"32293","4674","1","5","10"
"32294","4675","1","5","10"
"32295","4676","1","5","10"
"32296","4677","1","5","10"
"32297","4678","1","5","10"
"32298","4679","1","5","10"
"32299","4680","1","5","10"
"32300","4681","1","5","10"
"32301","4682","1","5","10"
"32302","4683","1","5","10"
"32303","4684","1","5","10"
"32304","4685","1","5","10"
"32305","4686","1","5","10"
"32306","4687","1","5","10"
"32307","4688","1","5","10"
"32308","4689","1","5","10"
"32309","4690","1","5","10"
"32310","4691","1","5","10"
"32311","4692","1","5","10"
"32312",,"1","5","10"
"32313","4596","1","5","5"
"32314",,"1","5","10"
"32315","4597","1","5","5"
"32316",,"1","5","10"
"32317","4884","1","5","10"
"32318","4885","1","5","10"
"32319","4886","1","5","10"
"32320","4887","1","5","10"
"32321","4570","1","5","5"
"32322","2562","1","5","10"
"32323","4894","1","5","10"
"32324","4895","1","5","10"
"32325","4599","1","5","5"
"32326",,"1","5","10"
"32327","4939","1","5","10"
"32328","4940","1","5","10"
"32329","4941","1","5","10"
"32330","4902","1","5","10"
"32331","4903","1","5","10"
"32332","4904","1","5","10"
"32333","4905","1","5","10"
"32334","4906","1","5","10"
"32335","4907","1","5","10"
"32336","4908","1","5","10"
"32337","4909","1","5","10"
"32338","4910","1","5","10"
"32339","4911","1","5","10"
"32340","4912","1","5","10"
"32341","4913","1","5","10"
"32342","4914","1","5","10"
"32343","4915","1","5","10"
"32344","4916","1","5","10"
"32345","4917","1","5","10"
"32346","4918","1","5","10"
"32347","4919","1","5","10"
"32348","4920","1","5","10"
"32349","4921","1","5","10"
"32350","4922","1","5","10"
"32351","4923","1","5","10"
"32352","4924","1","5","10"
"32353","4925","1","5","10"
"32354","4926","1","5","10"
"32355","4927","1","5","10"
"32356","3678","1","5","10"
"32357","4942","1","5","10"
"32358","4943","1","5","10"
"32359","4598","1","5","5"
"32360",,"1","5","10"
"32361","4947","1","5","10"
"32362","4949","1","5","10"
"32363","4950","1","5","10"
"32364","4951","1","5","10"
"32365","4953","1","5","10"
"32366","4956","1","5","10"
"32367","4600","1","5","5"
"32368",,"1","5","10"
"32369","4946","1","5","10"
"32370","4948","1","5","10"
"32371","4952","1","5","10"
"32372","4954","1","5","10"
"32373","4955","1","5","10"
"32374","4957","1","5","10"
"32375","4958","1","5","10"
"32376","4959","1","5","10"
"32377","4960","1","5","10"
"32378","4962","1","5","10"
"32379","4963","1","5","10"
"32380","4964","1","5","10"
